帧号,时间戳秒（约）,页面,页内状态,帧段说明
1,0.000,统计视图,广西3D地图,区域轮播高亮与指标滚动
2,0.033,统计视图,广西3D地图,区域轮播高亮与指标滚动
3,0.067,统计视图,广西3D地图,区域轮播高亮与指标滚动
4,0.100,统计视图,广西3D地图,区域轮播高亮与指标滚动
5,0.133,统计视图,广西3D地图,区域轮播高亮与指标滚动
6,0.167,统计视图,广西3D地图,区域轮播高亮与指标滚动
7,0.200,统计视图,广西3D地图,区域轮播高亮与指标滚动
8,0.233,统计视图,广西3D地图,区域轮播高亮与指标滚动
9,0.267,统计视图,广西3D地图,区域轮播高亮与指标滚动
10,0.300,统计视图,广西3D地图,区域轮播高亮与指标滚动
11,0.333,统计视图,广西3D地图,区域轮播高亮与指标滚动
12,0.367,统计视图,广西3D地图,区域轮播高亮与指标滚动
13,0.400,统计视图,广西3D地图,区域轮播高亮与指标滚动
14,0.433,统计视图,广西3D地图,区域轮播高亮与指标滚动
15,0.467,统计视图,广西3D地图,区域轮播高亮与指标滚动
16,0.500,统计视图,广西3D地图,区域轮播高亮与指标滚动
17,0.533,统计视图,广西3D地图,区域轮播高亮与指标滚动
18,0.567,统计视图,广西3D地图,区域轮播高亮与指标滚动
19,0.600,统计视图,广西3D地图,区域轮播高亮与指标滚动
20,0.633,统计视图,广西3D地图,区域轮播高亮与指标滚动
21,0.667,统计视图,广西3D地图,区域轮播高亮与指标滚动
22,0.700,统计视图,广西3D地图,区域轮播高亮与指标滚动
23,0.733,统计视图,广西3D地图,区域轮播高亮与指标滚动
24,0.767,统计视图,广西3D地图,区域轮播高亮与指标滚动
25,0.800,统计视图,广西3D地图,区域轮播高亮与指标滚动
26,0.833,统计视图,广西3D地图,区域轮播高亮与指标滚动
27,0.867,统计视图,广西3D地图,区域轮播高亮与指标滚动
28,0.900,统计视图,广西3D地图,区域轮播高亮与指标滚动
29,0.933,统计视图,广西3D地图,区域轮播高亮与指标滚动
30,0.967,统计视图,广西3D地图,区域轮播高亮与指标滚动
31,1.000,统计视图,广西3D地图,区域轮播高亮与指标滚动
32,1.033,统计视图,广西3D地图,区域轮播高亮与指标滚动
33,1.067,统计视图,广西3D地图,区域轮播高亮与指标滚动
34,1.100,统计视图,广西3D地图,区域轮播高亮与指标滚动
35,1.133,统计视图,广西3D地图,区域轮播高亮与指标滚动
36,1.167,统计视图,广西3D地图,区域轮播高亮与指标滚动
37,1.200,统计视图,广西3D地图,区域轮播高亮与指标滚动
38,1.233,统计视图,广西3D地图,区域轮播高亮与指标滚动
39,1.267,统计视图,广西3D地图,区域轮播高亮与指标滚动
40,1.300,统计视图,广西3D地图,区域轮播高亮与指标滚动
41,1.333,统计视图,广西3D地图,区域轮播高亮与指标滚动
42,1.367,统计视图,广西3D地图,区域轮播高亮与指标滚动
43,1.400,统计视图,广西3D地图,区域轮播高亮与指标滚动
44,1.433,统计视图,广西3D地图,区域轮播高亮与指标滚动
45,1.467,统计视图,广西3D地图,区域轮播高亮与指标滚动
46,1.500,统计视图,广西3D地图,区域轮播高亮与指标滚动
47,1.533,统计视图,广西3D地图,区域轮播高亮与指标滚动
48,1.567,统计视图,广西3D地图,区域轮播高亮与指标滚动
49,1.600,统计视图,广西3D地图,区域轮播高亮与指标滚动
50,1.633,统计视图,广西3D地图,区域轮播高亮与指标滚动
51,1.667,统计视图,广西3D地图,区域轮播高亮与指标滚动
52,1.700,统计视图,广西3D地图,区域轮播高亮与指标滚动
53,1.733,统计视图,广西3D地图,区域轮播高亮与指标滚动
54,1.767,统计视图,广西3D地图,区域轮播高亮与指标滚动
55,1.800,统计视图,广西3D地图,区域轮播高亮与指标滚动
56,1.833,统计视图,广西3D地图,区域轮播高亮与指标滚动
57,1.867,统计视图,广西3D地图,区域轮播高亮与指标滚动
58,1.900,统计视图,广西3D地图,区域轮播高亮与指标滚动
59,1.933,统计视图,广西3D地图,区域轮播高亮与指标滚动
60,1.967,统计视图,广西3D地图,区域轮播高亮与指标滚动
61,2.000,统计视图,广西3D地图,区域轮播高亮与指标滚动
62,2.033,统计视图,广西3D地图,区域轮播高亮与指标滚动
63,2.067,统计视图,广西3D地图,区域轮播高亮与指标滚动
64,2.100,统计视图,广西3D地图,区域轮播高亮与指标滚动
65,2.133,统计视图,广西3D地图,区域轮播高亮与指标滚动
66,2.167,统计视图,广西3D地图,区域轮播高亮与指标滚动
67,2.200,统计视图,广西3D地图,区域轮播高亮与指标滚动
68,2.233,统计视图,广西3D地图,区域轮播高亮与指标滚动
69,2.267,统计视图,广西3D地图,区域轮播高亮与指标滚动
70,2.300,统计视图,广西3D地图,区域轮播高亮与指标滚动
71,2.333,统计视图,广西3D地图,区域轮播高亮与指标滚动
72,2.367,统计视图,广西3D地图,区域轮播高亮与指标滚动
73,2.400,统计视图,广西3D地图,区域轮播高亮与指标滚动
74,2.433,统计视图,广西3D地图,区域轮播高亮与指标滚动
75,2.467,统计视图,广西3D地图,区域轮播高亮与指标滚动
76,2.500,统计视图,广西3D地图,区域轮播高亮与指标滚动
77,2.533,统计视图,广西3D地图,区域轮播高亮与指标滚动
78,2.567,统计视图,广西3D地图,区域轮播高亮与指标滚动
79,2.600,统计视图,广西3D地图,区域轮播高亮与指标滚动
80,2.633,统计视图,广西3D地图,区域轮播高亮与指标滚动
81,2.667,统计视图,广西3D地图,区域轮播高亮与指标滚动
82,2.700,统计视图,广西3D地图,区域轮播高亮与指标滚动
83,2.733,统计视图,广西3D地图,区域轮播高亮与指标滚动
84,2.767,统计视图,广西3D地图,区域轮播高亮与指标滚动
85,2.800,统计视图,广西3D地图,区域轮播高亮与指标滚动
86,2.833,统计视图,广西3D地图,区域轮播高亮与指标滚动
87,2.867,统计视图,广西3D地图,区域轮播高亮与指标滚动
88,2.900,统计视图,广西3D地图,区域轮播高亮与指标滚动
89,2.933,统计视图,广西3D地图,区域轮播高亮与指标滚动
90,2.967,统计视图,广西3D地图,区域轮播高亮与指标滚动
91,3.000,统计视图,广西3D地图,区域轮播高亮与指标滚动
92,3.033,统计视图,广西3D地图,区域轮播高亮与指标滚动
93,3.067,统计视图,广西3D地图,区域轮播高亮与指标滚动
94,3.100,统计视图,广西3D地图,区域轮播高亮与指标滚动
95,3.133,统计视图,广西3D地图,区域轮播高亮与指标滚动
96,3.167,统计视图,广西3D地图,区域轮播高亮与指标滚动
97,3.200,统计视图,广西3D地图,区域轮播高亮与指标滚动
98,3.233,统计视图,广西3D地图,区域轮播高亮与指标滚动
99,3.267,统计视图,广西3D地图,区域轮播高亮与指标滚动
100,3.300,统计视图,广西3D地图,区域轮播高亮与指标滚动
101,3.333,统计视图,广西3D地图,区域轮播高亮与指标滚动
102,3.367,统计视图,广西3D地图,区域轮播高亮与指标滚动
103,3.400,统计视图,广西3D地图,区域轮播高亮与指标滚动
104,3.433,统计视图,广西3D地图,区域轮播高亮与指标滚动
105,3.467,统计视图,广西3D地图,区域轮播高亮与指标滚动
106,3.500,统计视图,广西3D地图,区域轮播高亮与指标滚动
107,3.533,统计视图,广西3D地图,区域轮播高亮与指标滚动
108,3.567,统计视图,广西3D地图,区域轮播高亮与指标滚动
109,3.600,统计视图,广西3D地图,区域轮播高亮与指标滚动
110,3.633,统计视图,广西3D地图,区域轮播高亮与指标滚动
111,3.667,统计视图,广西3D地图,区域轮播高亮与指标滚动
112,3.700,统计视图,广西3D地图,区域轮播高亮与指标滚动
113,3.733,统计视图,广西3D地图,区域轮播高亮与指标滚动
114,3.767,统计视图,广西3D地图,区域轮播高亮与指标滚动
115,3.800,统计视图,广西3D地图,区域轮播高亮与指标滚动
116,3.833,统计视图,广西3D地图,区域轮播高亮与指标滚动
117,3.867,统计视图,广西3D地图,区域轮播高亮与指标滚动
118,3.900,统计视图,广西3D地图,区域轮播高亮与指标滚动
119,3.933,统计视图,广西3D地图,区域轮播高亮与指标滚动
120,3.967,统计视图,广西3D地图,区域轮播高亮与指标滚动
121,4.000,统计视图,广西3D地图,区域轮播高亮与指标滚动
122,4.033,统计视图,广西3D地图,区域轮播高亮与指标滚动
123,4.067,统计视图,广西3D地图,区域轮播高亮与指标滚动
124,4.100,统计视图,广西3D地图,区域轮播高亮与指标滚动
125,4.133,统计视图,广西3D地图,区域轮播高亮与指标滚动
126,4.167,统计视图,广西3D地图,区域轮播高亮与指标滚动
127,4.200,统计视图,广西3D地图,区域轮播高亮与指标滚动
128,4.233,统计视图,广西3D地图,区域轮播高亮与指标滚动
129,4.267,统计视图,广西3D地图,区域轮播高亮与指标滚动
130,4.300,统计视图,广西3D地图,区域轮播高亮与指标滚动
131,4.333,统计视图,广西3D地图,区域轮播高亮与指标滚动
132,4.367,统计视图,广西3D地图,区域轮播高亮与指标滚动
133,4.400,统计视图,广西3D地图,区域轮播高亮与指标滚动
134,4.433,统计视图,广西3D地图,区域轮播高亮与指标滚动
135,4.467,统计视图,广西3D地图,区域轮播高亮与指标滚动
136,4.500,统计视图,广西3D地图,区域轮播高亮与指标滚动
137,4.533,统计视图,广西3D地图,区域轮播高亮与指标滚动
138,4.567,统计视图,广西3D地图,区域轮播高亮与指标滚动
139,4.600,统计视图,广西3D地图,区域轮播高亮与指标滚动
140,4.633,统计视图,广西3D地图,区域轮播高亮与指标滚动
141,4.667,统计视图,广西3D地图,区域轮播高亮与指标滚动
142,4.700,统计视图,广西3D地图,区域轮播高亮与指标滚动
143,4.733,统计视图,广西3D地图,区域轮播高亮与指标滚动
144,4.767,统计视图,广西3D地图,区域轮播高亮与指标滚动
145,4.800,统计视图,广西3D地图,区域轮播高亮与指标滚动
146,4.833,统计视图,广西3D地图,区域轮播高亮与指标滚动
147,4.867,统计视图,广西3D地图,区域轮播高亮与指标滚动
148,4.900,统计视图,广西3D地图,区域轮播高亮与指标滚动
149,4.933,统计视图,广西3D地图,区域轮播高亮与指标滚动
150,4.967,统计视图,广西3D地图,区域轮播高亮与指标滚动
151,5.000,统计视图,广西3D地图,区域轮播高亮与指标滚动
152,5.033,风场管理,实体地形,山地、水面、风机点位与设备表滚动
153,5.067,风场管理,实体地形,山地、水面、风机点位与设备表滚动
154,5.100,风场管理,实体地形,山地、水面、风机点位与设备表滚动
155,5.133,风场管理,实体地形,山地、水面、风机点位与设备表滚动
156,5.167,风场管理,实体地形,山地、水面、风机点位与设备表滚动
157,5.200,风场管理,实体地形,山地、水面、风机点位与设备表滚动
158,5.233,风场管理,实体地形,山地、水面、风机点位与设备表滚动
159,5.267,风场管理,实体地形,山地、水面、风机点位与设备表滚动
160,5.300,风场管理,实体地形,山地、水面、风机点位与设备表滚动
161,5.333,风场管理,实体地形,山地、水面、风机点位与设备表滚动
162,5.367,风场管理,实体地形,山地、水面、风机点位与设备表滚动
163,5.400,风场管理,实体地形,山地、水面、风机点位与设备表滚动
164,5.433,风场管理,实体地形,山地、水面、风机点位与设备表滚动
165,5.467,风场管理,实体地形,山地、水面、风机点位与设备表滚动
166,5.500,风场管理,实体地形,山地、水面、风机点位与设备表滚动
167,5.533,风场管理,实体地形,山地、水面、风机点位与设备表滚动
168,5.567,风场管理,实体地形,山地、水面、风机点位与设备表滚动
169,5.600,风场管理,实体地形,山地、水面、风机点位与设备表滚动
170,5.633,风场管理,实体地形,山地、水面、风机点位与设备表滚动
171,5.667,风场管理,实体地形,山地、水面、风机点位与设备表滚动
172,5.700,风场管理,实体地形,山地、水面、风机点位与设备表滚动
173,5.733,风场管理,实体地形,山地、水面、风机点位与设备表滚动
174,5.767,风场管理,实体地形,山地、水面、风机点位与设备表滚动
175,5.800,风场管理,实体地形,山地、水面、风机点位与设备表滚动
176,5.833,风场管理,实体地形,山地、水面、风机点位与设备表滚动
177,5.867,风场管理,实体地形,山地、水面、风机点位与设备表滚动
178,5.900,风场管理,实体地形,山地、水面、风机点位与设备表滚动
179,5.933,风场管理,实体地形,山地、水面、风机点位与设备表滚动
180,5.967,风场管理,实体地形,山地、水面、风机点位与设备表滚动
181,6.000,风场管理,实体地形,山地、水面、风机点位与设备表滚动
182,6.033,风场管理,实体地形,山地、水面、风机点位与设备表滚动
183,6.067,风场管理,实体地形,山地、水面、风机点位与设备表滚动
184,6.100,风场管理,实体地形,山地、水面、风机点位与设备表滚动
185,6.133,风场管理,实体地形,山地、水面、风机点位与设备表滚动
186,6.167,风场管理,实体地形,山地、水面、风机点位与设备表滚动
187,6.200,风场管理,实体地形,山地、水面、风机点位与设备表滚动
188,6.233,风场管理,实体地形,山地、水面、风机点位与设备表滚动
189,6.267,风场管理,实体地形,山地、水面、风机点位与设备表滚动
190,6.300,风场管理,实体地形,山地、水面、风机点位与设备表滚动
191,6.333,风场管理,实体地形,山地、水面、风机点位与设备表滚动
192,6.367,风场管理,实体地形,山地、水面、风机点位与设备表滚动
193,6.400,风场管理,实体地形,山地、水面、风机点位与设备表滚动
194,6.433,风场管理,实体地形,山地、水面、风机点位与设备表滚动
195,6.467,风场管理,实体地形,山地、水面、风机点位与设备表滚动
196,6.500,风场管理,实体地形,山地、水面、风机点位与设备表滚动
197,6.533,风场管理,实体地形,山地、水面、风机点位与设备表滚动
198,6.567,风场管理,实体地形,山地、水面、风机点位与设备表滚动
199,6.600,风场管理,实体地形,山地、水面、风机点位与设备表滚动
200,6.633,风场管理,实体地形,山地、水面、风机点位与设备表滚动
201,6.667,风场管理,实体地形,山地、水面、风机点位与设备表滚动
202,6.700,风场管理,实体地形,山地、水面、风机点位与设备表滚动
203,6.733,风场管理,实体地形,山地、水面、风机点位与设备表滚动
204,6.767,风场管理,实体地形,山地、水面、风机点位与设备表滚动
205,6.800,风场管理,实体地形,山地、水面、风机点位与设备表滚动
206,6.833,风场管理,实体地形,山地、水面、风机点位与设备表滚动
207,6.867,风场管理,实体地形,山地、水面、风机点位与设备表滚动
208,6.900,风场管理,实体地形,山地、水面、风机点位与设备表滚动
209,6.933,风场管理,实体地形,山地、水面、风机点位与设备表滚动
210,6.967,风场管理,实体地形,山地、水面、风机点位与设备表滚动
211,7.000,风场管理,实体地形,山地、水面、风机点位与设备表滚动
212,7.033,风场管理,实体地形,山地、水面、风机点位与设备表滚动
213,7.067,风场管理,实体地形,山地、水面、风机点位与设备表滚动
214,7.100,风场管理,实体地形,山地、水面、风机点位与设备表滚动
215,7.133,风场管理,实体地形,山地、水面、风机点位与设备表滚动
216,7.167,风场管理,实体地形,山地、水面、风机点位与设备表滚动
217,7.200,风场管理,实体地形,山地、水面、风机点位与设备表滚动
218,7.233,风场管理,实体地形,山地、水面、风机点位与设备表滚动
219,7.267,风场管理,实体地形,山地、水面、风机点位与设备表滚动
220,7.300,风场管理,实体地形,山地、水面、风机点位与设备表滚动
221,7.333,风场管理,实体地形,山地、水面、风机点位与设备表滚动
222,7.367,风场管理,实体地形,山地、水面、风机点位与设备表滚动
223,7.400,风场管理,实体地形,山地、水面、风机点位与设备表滚动
224,7.433,风场管理,实体地形,山地、水面、风机点位与设备表滚动
225,7.467,风场管理,实体地形,山地、水面、风机点位与设备表滚动
226,7.500,风场管理,实体地形,山地、水面、风机点位与设备表滚动
227,7.533,风场管理,实体地形,山地、水面、风机点位与设备表滚动
228,7.567,风场管理,实体地形,山地、水面、风机点位与设备表滚动
229,7.600,风场管理,实体地形,山地、水面、风机点位与设备表滚动
230,7.633,风场管理,实体地形,山地、水面、风机点位与设备表滚动
231,7.667,风场管理,实体地形,山地、水面、风机点位与设备表滚动
232,7.700,风场管理,实体地形,山地、水面、风机点位与设备表滚动
233,7.733,风场管理,实体地形,山地、水面、风机点位与设备表滚动
234,7.767,风场管理,实体地形,山地、水面、风机点位与设备表滚动
235,7.800,风场管理,实体地形,山地、水面、风机点位与设备表滚动
236,7.833,风场管理,实体地形,山地、水面、风机点位与设备表滚动
237,7.867,风场管理,实体地形,山地、水面、风机点位与设备表滚动
238,7.900,风场管理,实体地形,山地、水面、风机点位与设备表滚动
239,7.933,风场管理,实体地形,山地、水面、风机点位与设备表滚动
240,7.967,风场管理,实体地形,山地、水面、风机点位与设备表滚动
241,8.000,风场管理,实体地形,山地、水面、风机点位与设备表滚动
242,8.033,风场管理,实体地形,山地、水面、风机点位与设备表滚动
243,8.067,风场管理,实体地形,山地、水面、风机点位与设备表滚动
244,8.100,风场管理,实体地形,山地、水面、风机点位与设备表滚动
245,8.133,风场管理,实体地形,山地、水面、风机点位与设备表滚动
246,8.167,风场管理,实体地形,山地、水面、风机点位与设备表滚动
247,8.200,风场管理,实体地形,山地、水面、风机点位与设备表滚动
248,8.233,风场管理,实体地形,山地、水面、风机点位与设备表滚动
249,8.267,风场管理,实体地形,山地、水面、风机点位与设备表滚动
250,8.300,风场管理,实体地形,山地、水面、风机点位与设备表滚动
251,8.333,风场管理,实体地形,山地、水面、风机点位与设备表滚动
252,8.367,风场管理,实体地形,山地、水面、风机点位与设备表滚动
253,8.400,风场管理,实体地形,山地、水面、风机点位与设备表滚动
254,8.433,风场管理,实体地形,山地、水面、风机点位与设备表滚动
255,8.467,风场管理,实体地形,山地、水面、风机点位与设备表滚动
256,8.500,风场管理,实体地形,山地、水面、风机点位与设备表滚动
257,8.533,风场管理,实体地形,山地、水面、风机点位与设备表滚动
258,8.567,风场管理,实体地形,山地、水面、风机点位与设备表滚动
259,8.600,风场管理,实体地形,山地、水面、风机点位与设备表滚动
260,8.633,风场管理,实体地形,山地、水面、风机点位与设备表滚动
261,8.667,风场管理,实体地形,山地、水面、风机点位与设备表滚动
262,8.700,风场管理,实体地形,山地、水面、风机点位与设备表滚动
263,8.733,风场管理,实体地形,山地、水面、风机点位与设备表滚动
264,8.767,风场管理,实体地形,山地、水面、风机点位与设备表滚动
265,8.800,风场管理,实体地形,山地、水面、风机点位与设备表滚动
266,8.833,风场管理,实体地形,山地、水面、风机点位与设备表滚动
267,8.867,风场管理,实体地形,山地、水面、风机点位与设备表滚动
268,8.900,风场管理,实体地形,山地、水面、风机点位与设备表滚动
269,8.933,风场管理,实体地形,山地、水面、风机点位与设备表滚动
270,8.967,风场管理,实体地形,山地、水面、风机点位与设备表滚动
271,9.000,风场管理,实体地形,山地、水面、风机点位与设备表滚动
272,9.033,风场管理,实体地形,山地、水面、风机点位与设备表滚动
273,9.067,风场管理,实体地形,山地、水面、风机点位与设备表滚动
274,9.100,风场管理,实体地形,山地、水面、风机点位与设备表滚动
275,9.133,风场管理,实体地形,山地、水面、风机点位与设备表滚动
276,9.167,风场管理,实体地形,山地、水面、风机点位与设备表滚动
277,9.200,风场管理,实体地形,山地、水面、风机点位与设备表滚动
278,9.233,风场管理,实体地形,山地、水面、风机点位与设备表滚动
279,9.267,风场管理,实体地形,山地、水面、风机点位与设备表滚动
280,9.300,风场管理,实体地形,山地、水面、风机点位与设备表滚动
281,9.333,风场管理,线框地形,投影/线框图层开启
282,9.367,风场管理,线框地形,投影/线框图层开启
283,9.400,风场管理,线框地形,投影/线框图层开启
284,9.433,风场管理,线框地形,投影/线框图层开启
285,9.467,风场管理,线框地形,投影/线框图层开启
286,9.500,风场管理,线框地形,投影/线框图层开启
287,9.533,风场管理,线框地形,投影/线框图层开启
288,9.567,风场管理,线框地形,投影/线框图层开启
289,9.600,风场管理,线框地形,投影/线框图层开启
290,9.633,风场管理,线框地形,投影/线框图层开启
291,9.667,风场管理,线框地形,投影/线框图层开启
292,9.700,风场管理,线框地形,投影/线框图层开启
293,9.733,风场管理,线框地形,投影/线框图层开启
294,9.767,风场管理,线框地形,投影/线框图层开启
295,9.800,风场管理,线框地形,投影/线框图层开启
296,9.833,风场管理,线框地形,投影/线框图层开启
297,9.867,风场管理,线框地形,投影/线框图层开启
298,9.900,风场管理,线框地形,投影/线框图层开启
299,9.933,风场管理,线框地形,投影/线框图层开启
300,9.967,风场管理,线框地形,投影/线框图层开启
301,10.000,风场管理,线框地形,投影/线框图层开启
302,10.033,风场管理,线框地形,投影/线框图层开启
303,10.067,风场管理,线框地形,投影/线框图层开启
304,10.100,风场管理,线框地形,投影/线框图层开启
305,10.133,风场管理,线框地形,投影/线框图层开启
306,10.167,风场管理,线框地形,投影/线框图层开启
307,10.200,风场管理,线框地形,投影/线框图层开启
308,10.233,风场管理,线框地形,投影/线框图层开启
309,10.267,风场管理,线框地形,投影/线框图层开启
310,10.300,风场管理,线框地形,投影/线框图层开启
311,10.333,风场管理,线框地形,投影/线框图层开启
312,10.367,风场管理,线框地形,投影/线框图层开启
313,10.400,风场管理,线框地形,投影/线框图层开启
314,10.433,风场管理,线框地形,投影/线框图层开启
315,10.467,风场管理,线框地形,投影/线框图层开启
316,10.500,风场管理,线框地形,投影/线框图层开启
317,10.533,风场管理,线框地形,投影/线框图层开启
318,10.567,风场管理,线框地形,投影/线框图层开启
319,10.600,风场管理,线框地形,投影/线框图层开启
320,10.633,风场管理,线框地形,投影/线框图层开启
321,10.667,风场管理,线框地形,投影/线框图层开启
322,10.700,风场管理,线框地形,投影/线框图层开启
323,10.733,风场管理,线框地形,投影/线框图层开启
324,10.767,风场管理,线框地形,投影/线框图层开启
325,10.800,风场管理,线框地形,投影/线框图层开启
326,10.833,风场管理,线框地形,投影/线框图层开启
327,10.867,风场管理,线框地形,投影/线框图层开启
328,10.900,风场管理,线框地形,投影/线框图层开启
329,10.933,风场管理,线框地形,投影/线框图层开启
330,10.967,风场管理,线框地形,投影/线框图层开启
331,11.000,风场管理,线框地形,投影/线框图层开启
332,11.033,风场管理,实体地形,线框图层关闭
333,11.067,风场管理,实体地形,线框图层关闭
334,11.100,风场管理,实体地形,线框图层关闭
335,11.133,风场管理,实体地形,线框图层关闭
336,11.167,风场管理,实体地形,线框图层关闭
337,11.200,风场管理,实体地形,线框图层关闭
338,11.233,风场管理,实体地形,线框图层关闭
339,11.267,风场管理,实体地形,线框图层关闭
340,11.300,风场管理,实体地形,线框图层关闭
341,11.333,风场管理,实体地形,线框图层关闭
342,11.367,风场管理,实体地形,线框图层关闭
343,11.400,风场管理,实体地形,线框图层关闭
344,11.433,风场管理,实体地形,线框图层关闭
345,11.467,风场管理,实体地形,线框图层关闭
346,11.500,风场管理,实体地形,线框图层关闭
347,11.533,风场管理,风机弹窗,选择主风机A
348,11.567,风场管理,风机弹窗,选择主风机A
349,11.600,风场管理,风机弹窗,选择主风机A
350,11.633,风场管理,风机弹窗,选择主风机A
351,11.667,风场管理,风机弹窗,选择主风机A
352,11.700,风场管理,风机弹窗,选择主风机A
353,11.733,风场管理,风机弹窗,选择主风机A
354,11.767,风场管理,风机弹窗,选择主风机A
355,11.800,风场管理,风机弹窗,选择主风机A
356,11.833,风场管理,风机弹窗,选择主风机A
357,11.867,风场管理,风机弹窗,选择主风机A
358,11.900,风场管理,风机弹窗,选择主风机A
359,11.933,风场管理,风机弹窗,选择主风机A
360,11.967,风场管理,风机弹窗,选择主风机A
361,12.000,风场管理,风机弹窗,选择主风机A
362,12.033,风场管理,风机弹窗,选择主风机A
363,12.067,风场管理,风机弹窗,选择主风机A
364,12.100,风场管理,风机弹窗,选择主风机A
365,12.133,风场管理,风机弹窗,选择主风机A
366,12.167,风场管理,风机弹窗,选择主风机A
367,12.200,风场管理,风机弹窗,选择主风机A
368,12.233,风场管理,风机弹窗,选择主风机A
369,12.267,风场管理,风机弹窗,选择主风机A
370,12.300,风场管理,风机弹窗,选择主风机A
371,12.333,统计视图,广西3D地图,返回统计视图
372,12.367,统计视图,广西3D地图,返回统计视图
373,12.400,统计视图,广西3D地图,返回统计视图
374,12.433,统计视图,广西3D地图,返回统计视图
375,12.467,统计视图,广西3D地图,返回统计视图
376,12.500,统计视图,广西3D地图,返回统计视图
377,12.533,统计视图,广西3D地图,返回统计视图
378,12.567,统计视图,广西3D地图,返回统计视图
379,12.600,统计视图,广西3D地图,返回统计视图
380,12.633,统计视图,广西3D地图,返回统计视图
381,12.667,统计视图,广西3D地图,返回统计视图
382,12.700,统计视图,广西3D地图,返回统计视图
383,12.733,统计视图,广西3D地图,返回统计视图
384,12.767,统计视图,广西3D地图,返回统计视图
385,12.800,统计视图,广西3D地图,返回统计视图
386,12.833,统计视图,广西3D地图,返回统计视图
387,12.867,统计视图,广西3D地图,返回统计视图
388,12.900,统计视图,广西3D地图,返回统计视图
389,12.933,统计视图,广西3D地图,返回统计视图
390,12.967,统计视图,广西3D地图,返回统计视图
391,13.000,统计视图,广西3D地图,返回统计视图
392,13.033,统计视图,广西3D地图,返回统计视图
393,13.067,统计视图,广西3D地图,返回统计视图
394,13.100,统计视图,广西3D地图,返回统计视图
395,13.133,统计视图,广西3D地图,返回统计视图
396,13.167,统计视图,广西3D地图,返回统计视图
397,13.200,统计视图,广西3D地图,返回统计视图
398,13.233,统计视图,广西3D地图,返回统计视图
399,13.267,统计视图,广西3D地图,返回统计视图
400,13.300,统计视图,广西3D地图,返回统计视图
401,13.333,统计视图,广西3D地图,返回统计视图
402,13.367,统计视图,广西3D地图,返回统计视图
403,13.400,运维管理,透视,透明外壳显示内部件
404,13.433,运维管理,透视,透明外壳显示内部件
405,13.467,运维管理,透视,透明外壳显示内部件
406,13.500,运维管理,透视,透明外壳显示内部件
407,13.533,运维管理,透视,透明外壳显示内部件
408,13.567,运维管理,透视,透明外壳显示内部件
409,13.600,运维管理,透视,透明外壳显示内部件
410,13.633,运维管理,透视,透明外壳显示内部件
411,13.667,运维管理,透视,透明外壳显示内部件
412,13.700,运维管理,透视,透明外壳显示内部件
413,13.733,运维管理,透视,透明外壳显示内部件
414,13.767,运维管理,透视,透明外壳显示内部件
415,13.800,运维管理,透视,透明外壳显示内部件
416,13.833,运维管理,透视,透明外壳显示内部件
417,13.867,运维管理,透视,透明外壳显示内部件
418,13.900,运维管理,透视,透明外壳显示内部件
419,13.933,运维管理,透视,透明外壳显示内部件
420,13.967,运维管理,透视,透明外壳显示内部件
421,14.000,运维管理,透视,透明外壳显示内部件
422,14.033,运维管理,透视,透明外壳显示内部件
423,14.067,运维管理,透视,透明外壳显示内部件
424,14.100,运维管理,透视,透明外壳显示内部件
425,14.133,运维管理,透视,透明外壳显示内部件
426,14.167,运维管理,透视,透明外壳显示内部件
427,14.200,运维管理,透视,透明外壳显示内部件
428,14.233,运维管理,透视,透明外壳显示内部件
429,14.267,运维管理,透视,透明外壳显示内部件
430,14.300,运维管理,透视,透明外壳显示内部件
431,14.333,运维管理,透视,透明外壳显示内部件
432,14.367,运维管理,透视,透明外壳显示内部件
433,14.400,运维管理,透视,透明外壳显示内部件
434,14.433,运维管理,透视,透明外壳显示内部件
435,14.467,运维管理,透视,透明外壳显示内部件
436,14.500,运维管理,透视,透明外壳显示内部件
437,14.533,运维管理,透视,透明外壳显示内部件
438,14.567,运维管理,透视,透明外壳显示内部件
439,14.600,运维管理,透视,透明外壳显示内部件
440,14.633,运维管理,透视,透明外壳显示内部件
441,14.667,运维管理,透视,透明外壳显示内部件
442,14.700,运维管理,透视,透明外壳显示内部件
443,14.733,运维管理,外部,白色实体风机
444,14.767,运维管理,外部,白色实体风机
445,14.800,运维管理,外部,白色实体风机
446,14.833,运维管理,外部,白色实体风机
447,14.867,运维管理,外部,白色实体风机
448,14.900,运维管理,外部,白色实体风机
449,14.933,运维管理,外部,白色实体风机
450,14.967,运维管理,外部,白色实体风机
451,15.000,运维管理,外部,白色实体风机
452,15.033,运维管理,外部,白色实体风机
453,15.067,运维管理,外部,白色实体风机
454,15.100,运维管理,外部,白色实体风机
455,15.133,运维管理,外部,白色实体风机
456,15.167,运维管理,外部,白色实体风机
457,15.200,运维管理,外部,白色实体风机
458,15.233,运维管理,外部,白色实体风机
459,15.267,运维管理,外部,白色实体风机
460,15.300,运维管理,外部,白色实体风机
461,15.333,运维管理,外部,白色实体风机
462,15.367,运维管理,外部,白色实体风机
463,15.400,运维管理,外部,白色实体风机
464,15.433,运维管理,外部,白色实体风机
465,15.467,运维管理,外部,白色实体风机
466,15.500,运维管理,透视过渡,恢复透明材质并旋转
467,15.533,运维管理,透视过渡,恢复透明材质并旋转
468,15.567,运维管理,透视过渡,恢复透明材质并旋转
469,15.600,运维管理,透视过渡,恢复透明材质并旋转
470,15.633,运维管理,透视过渡,恢复透明材质并旋转
471,15.667,运维管理,透视过渡,恢复透明材质并旋转
472,15.700,运维管理,透视过渡,恢复透明材质并旋转
473,15.733,运维管理,透视过渡,恢复透明材质并旋转
474,15.767,运维管理,透视过渡,恢复透明材质并旋转
475,15.800,运维管理,透视过渡,恢复透明材质并旋转
476,15.833,运维管理,透视过渡,恢复透明材质并旋转
477,15.867,运维管理,透视过渡,恢复透明材质并旋转
478,15.900,运维管理,透视过渡,恢复透明材质并旋转
479,15.933,运维管理,透视过渡,恢复透明材质并旋转
480,15.967,运维管理,透视过渡,恢复透明材质并旋转
481,16.000,运维管理,透视过渡,恢复透明材质并旋转
482,16.033,运维管理,透视过渡,恢复透明材质并旋转
483,16.067,运维管理,透视过渡,恢复透明材质并旋转
484,16.100,运维管理,透视过渡,恢复透明材质并旋转
485,16.133,运维管理,透视过渡,恢复透明材质并旋转
486,16.167,运维管理,透视过渡,恢复透明材质并旋转
487,16.200,运维管理,透视过渡,恢复透明材质并旋转
488,16.233,运维管理,透视过渡,恢复透明材质并旋转
489,16.267,运维管理,线框或动画强调,叶片出现多重线迹
490,16.300,运维管理,线框或动画强调,叶片出现多重线迹
491,16.333,运维管理,线框或动画强调,叶片出现多重线迹
492,16.367,运维管理,线框或动画强调,叶片出现多重线迹
493,16.400,运维管理,线框或动画强调,叶片出现多重线迹
494,16.433,运维管理,线框或动画强调,叶片出现多重线迹
495,16.467,运维管理,线框或动画强调,叶片出现多重线迹
496,16.500,运维管理,线框或动画强调,叶片出现多重线迹
497,16.533,运维管理,线框或动画强调,叶片出现多重线迹
498,16.567,运维管理,线框或动画强调,叶片出现多重线迹
499,16.600,运维管理,线框或动画强调,叶片出现多重线迹
500,16.633,运维管理,线框或动画强调,叶片出现多重线迹
501,16.667,运维管理,线框或动画强调,叶片出现多重线迹
502,16.700,运维管理,线框或动画强调,叶片出现多重线迹
503,16.733,运维管理,线框或动画强调,叶片出现多重线迹
504,16.767,运维管理,线框或动画强调,叶片出现多重线迹
505,16.800,运维管理,线框或动画强调,叶片出现多重线迹
506,16.833,运维管理,线框或动画强调,叶片出现多重线迹
507,16.867,运维管理,线框或动画强调,叶片出现多重线迹
508,16.900,运维管理,线框或动画强调,叶片出现多重线迹
509,16.933,运维管理,线框或动画强调,叶片出现多重线迹
510,16.967,运维管理,线框或动画强调,叶片出现多重线迹
511,17.000,运维管理,线框或动画强调,叶片出现多重线迹
512,17.033,运维管理,线框或动画强调,叶片出现多重线迹
513,17.067,运维管理,线框或动画强调,叶片出现多重线迹
514,17.100,运维管理,线框或动画强调,叶片出现多重线迹
515,17.133,运维管理,线框或动画强调,叶片出现多重线迹
516,17.167,运维管理,线框或动画强调,叶片出现多重线迹
517,17.200,运维管理,线框或动画强调,叶片出现多重线迹
518,17.233,运维管理,线框或动画强调,叶片出现多重线迹
519,17.267,运维管理,线框或动画强调,叶片出现多重线迹
520,17.300,运维管理,线框或动画强调,叶片出现多重线迹
521,17.333,运维管理,线框或动画强调,叶片出现多重线迹
522,17.367,运维管理,线框或动画强调,叶片出现多重线迹
523,17.400,运维管理,线框或动画强调,叶片出现多重线迹
524,17.433,运维管理,线框或动画强调,叶片出现多重线迹
525,17.467,运维管理,线框或动画强调,叶片出现多重线迹
526,17.500,运维管理,线框或动画强调,叶片出现多重线迹
527,17.533,运维管理,线框或动画强调,叶片出现多重线迹
528,17.567,运维管理,线框或动画强调,叶片出现多重线迹
529,17.600,运维管理,线框或动画强调,叶片出现多重线迹
530,17.633,运维管理,线框或动画强调,叶片出现多重线迹
531,17.667,运维管理,结构,爆炸拆解
532,17.700,运维管理,结构,爆炸拆解
533,17.733,运维管理,结构,爆炸拆解
534,17.767,运维管理,结构,爆炸拆解
535,17.800,运维管理,结构,爆炸拆解
536,17.833,运维管理,结构,爆炸拆解
537,17.867,运维管理,结构,爆炸拆解
538,17.900,运维管理,结构,爆炸拆解
539,17.933,运维管理,结构,爆炸拆解
540,17.967,运维管理,结构,爆炸拆解
541,18.000,运维管理,结构,爆炸拆解
542,18.033,运维管理,结构,爆炸拆解
543,18.067,运维管理,结构,爆炸拆解
544,18.100,运维管理,结构,爆炸拆解
545,18.133,运维管理,结构,爆炸拆解
546,18.167,运维管理,结构,爆炸拆解
547,18.200,运维管理,结构,爆炸拆解
548,18.233,运维管理,结构,爆炸拆解
549,18.267,运维管理,结构,爆炸拆解
550,18.300,运维管理,结构,爆炸拆解
551,18.333,运维管理,结构,爆炸拆解
552,18.367,运维管理,结构,爆炸拆解
553,18.400,运维管理,结构,爆炸拆解
554,18.433,运维管理,结构,爆炸拆解
555,18.467,运维管理,零件弹窗,零件1故障信息
556,18.500,运维管理,零件弹窗,零件1故障信息
557,18.533,运维管理,零件弹窗,零件1故障信息
558,18.567,运维管理,零件弹窗,零件1故障信息
559,18.600,运维管理,零件弹窗,零件1故障信息
560,18.633,运维管理,零件弹窗,零件1故障信息
561,18.667,运维管理,零件弹窗,零件1故障信息
562,18.700,运维管理,零件弹窗,零件1故障信息
563,18.733,运维管理,零件弹窗,零件1故障信息
564,18.767,运维管理,零件弹窗,零件1故障信息
565,18.800,运维管理,零件弹窗,零件1故障信息
566,18.833,运维管理,零件弹窗,零件1故障信息
567,18.867,运维管理,零件弹窗,零件1故障信息
568,18.900,运维管理,零件弹窗,零件1故障信息
569,18.933,运维管理,零件弹窗,零件1故障信息
570,18.967,运维管理,结构,关闭弹窗保持拆解
571,19.000,运维管理,结构,关闭弹窗保持拆解
572,19.033,运维管理,结构,关闭弹窗保持拆解
573,19.067,运维管理,结构,关闭弹窗保持拆解
574,19.100,运维管理,结构,关闭弹窗保持拆解
575,19.133,运维管理,结构,关闭弹窗保持拆解
576,19.167,运维管理,结构,关闭弹窗保持拆解
577,19.200,运维管理,结构,关闭弹窗保持拆解
578,19.233,运维管理,结构,关闭弹窗保持拆解
579,19.267,运维管理,结构,关闭弹窗保持拆解
580,19.300,运维管理,结构,关闭弹窗保持拆解
581,19.333,运维管理,结构,关闭弹窗保持拆解
582,19.367,运维管理,结构,关闭弹窗保持拆解
583,19.400,运维管理,结构,关闭弹窗保持拆解
584,19.433,运维管理,结构,关闭弹窗保持拆解
585,19.467,运维管理,结构,关闭弹窗保持拆解
586,19.500,运维管理,结构,关闭弹窗保持拆解
587,19.533,运维管理,透视,模型重组后持续旋转
588,19.567,运维管理,透视,模型重组后持续旋转
589,19.600,运维管理,透视,模型重组后持续旋转
590,19.633,运维管理,透视,模型重组后持续旋转
591,19.667,运维管理,透视,模型重组后持续旋转
592,19.700,运维管理,透视,模型重组后持续旋转
593,19.733,运维管理,透视,模型重组后持续旋转
594,19.767,运维管理,透视,模型重组后持续旋转
595,19.800,运维管理,透视,模型重组后持续旋转
596,19.833,运维管理,透视,模型重组后持续旋转
597,19.867,运维管理,透视,模型重组后持续旋转
598,19.900,运维管理,透视,模型重组后持续旋转
599,19.933,运维管理,透视,模型重组后持续旋转
600,19.967,运维管理,透视,模型重组后持续旋转
601,20.000,运维管理,透视,模型重组后持续旋转
602,20.033,运维管理,透视,模型重组后持续旋转
603,20.067,运维管理,透视,模型重组后持续旋转
604,20.100,运维管理,透视,模型重组后持续旋转
605,20.133,运维管理,透视,模型重组后持续旋转
606,20.167,运维管理,透视,模型重组后持续旋转
607,20.200,运维管理,透视,模型重组后持续旋转
608,20.233,运维管理,透视,模型重组后持续旋转
609,20.267,运维管理,透视,模型重组后持续旋转
610,20.300,运维管理,透视,模型重组后持续旋转
611,20.333,运维管理,透视,模型重组后持续旋转
612,20.367,运维管理,透视,模型重组后持续旋转
613,20.400,运维管理,透视,模型重组后持续旋转
614,20.433,运维管理,透视,模型重组后持续旋转
615,20.467,运维管理,透视,模型重组后持续旋转
616,20.500,运维管理,透视,模型重组后持续旋转
617,20.533,运维管理,透视,模型重组后持续旋转
618,20.567,运维管理,透视,模型重组后持续旋转
619,20.600,运维管理,透视,模型重组后持续旋转
620,20.633,运维管理,透视,模型重组后持续旋转
621,20.667,运维管理,透视,模型重组后持续旋转
622,20.700,运维管理,透视,模型重组后持续旋转
623,20.733,运维管理,透视,模型重组后持续旋转
624,20.767,运维管理,透视,模型重组后持续旋转
625,20.800,运维管理,透视,模型重组后持续旋转
626,20.833,运维管理,透视,模型重组后持续旋转
627,20.867,运维管理,透视,模型重组后持续旋转
628,20.900,运维管理,透视,模型重组后持续旋转
629,20.933,运维管理,透视,模型重组后持续旋转
630,20.967,运维管理,透视,模型重组后持续旋转
631,21.000,运维管理,透视,模型重组后持续旋转
632,21.033,运维管理,透视,模型重组后持续旋转
633,21.067,运维管理,透视,模型重组后持续旋转
634,21.100,运维管理,透视,模型重组后持续旋转
635,21.133,运维管理,透视,模型重组后持续旋转
636,21.167,运维管理,透视,模型重组后持续旋转
637,21.200,运维管理,透视,模型重组后持续旋转
638,21.233,运维管理,透视,模型重组后持续旋转
639,21.267,运维管理,透视,模型重组后持续旋转
640,21.300,运维管理,透视,模型重组后持续旋转
641,21.333,运维管理,透视,模型重组后持续旋转
642,21.367,运维管理,透视,模型重组后持续旋转
643,21.400,运维管理,透视,模型重组后持续旋转
644,21.433,运维管理,透视,模型重组后持续旋转
645,21.467,运维管理,透视,模型重组后持续旋转
646,21.500,运维管理,透视,模型重组后持续旋转
647,21.533,运维管理,透视,模型重组后持续旋转
648,21.567,运维管理,透视,模型重组后持续旋转
649,21.600,运维管理,透视,模型重组后持续旋转
650,21.633,运维管理,透视,模型重组后持续旋转
651,21.667,运维管理,透视,模型重组后持续旋转
652,21.700,运维管理,透视,模型重组后持续旋转
653,21.733,运维管理,透视,模型重组后持续旋转
654,21.767,运维管理,透视,模型重组后持续旋转
655,21.800,运维管理,透视,模型重组后持续旋转
656,21.833,运维管理,透视,模型重组后持续旋转
657,21.867,运维管理,透视,模型重组后持续旋转
658,21.900,运维管理,透视,模型重组后持续旋转
659,21.933,运维管理,透视,模型重组后持续旋转
660,21.967,运维管理,透视,模型重组后持续旋转
661,22.000,运维管理,透视,模型重组后持续旋转
662,22.033,运维管理,透视,模型重组后持续旋转
663,22.067,运维管理,透视,模型重组后持续旋转
664,22.100,运维管理,透视,模型重组后持续旋转
665,22.133,运维管理,透视,模型重组后持续旋转
666,22.167,运维管理,透视,模型重组后持续旋转
667,22.200,运维管理,透视,模型重组后持续旋转
668,22.233,运维管理,透视,模型重组后持续旋转
669,22.267,运维管理,透视,模型重组后持续旋转
670,22.300,运维管理,透视,模型重组后持续旋转
671,22.333,运维管理,透视,模型重组后持续旋转
672,22.367,运维管理,透视,模型重组后持续旋转
673,22.400,运维管理,透视,模型重组后持续旋转
674,22.433,运维管理,透视,模型重组后持续旋转
675,22.467,运维管理,透视,模型重组后持续旋转
676,22.500,运维管理,透视,模型重组后持续旋转
677,22.533,运维管理,透视,模型重组后持续旋转
678,22.567,运维管理,透视,模型重组后持续旋转
679,22.600,运维管理,透视,模型重组后持续旋转
680,22.633,运维管理,透视,模型重组后持续旋转
681,22.667,运维管理,透视,模型重组后持续旋转
682,22.700,运维管理,透视,模型重组后持续旋转
683,22.733,运维管理,透视,模型重组后持续旋转
684,22.767,运维管理,透视,模型重组后持续旋转
685,22.800,运维管理,透视,模型重组后持续旋转
686,22.833,运维管理,透视,模型重组后持续旋转
687,22.867,运维管理,透视,模型重组后持续旋转
688,22.900,运维管理,透视,模型重组后持续旋转
689,22.933,运维管理,透视,模型重组后持续旋转
690,22.967,运维管理,透视,模型重组后持续旋转
691,23.000,运维管理,透视,模型重组后持续旋转
692,23.033,运维管理,透视,模型重组后持续旋转
693,23.067,运维管理,透视,模型重组后持续旋转
694,23.100,运维管理,透视,模型重组后持续旋转
695,23.133,运维管理,透视,模型重组后持续旋转
696,23.167,运维管理,透视,模型重组后持续旋转
697,23.200,运维管理,透视,模型重组后持续旋转
698,23.233,运维管理,透视,模型重组后持续旋转
699,23.267,运维管理,透视,模型重组后持续旋转
700,23.300,运维管理,透视,模型重组后持续旋转
701,23.333,运维管理,透视,模型重组后持续旋转
702,23.367,运维管理,透视,模型重组后持续旋转
703,23.400,运维管理,透视,模型重组后持续旋转
704,23.433,运维管理,透视,模型重组后持续旋转
705,23.467,运维管理,透视,模型重组后持续旋转
706,23.500,运维管理,透视,模型重组后持续旋转
707,23.533,运维管理,透视,模型重组后持续旋转
